marker,chromosome,position_b38,CC009/UncM3045,CC027/GeniUncM756,CC037/TauUncM955,CC049/TauUncM4214,CC060/UncM813
UNCJPD000238,1,82218685,H,C,C,C,C
backupJAX00257246,1,82268759,G,A,A,A,A
UNC1043281,1,82302529,A,G,G,G,G
UNCHS001423,1,82308391,G,N,N,N,H
UNCHS001424,1,82313741,T,T,T,T,T
JAX00257262,1,82318744,A,A,A,A,A
UNC1043847,1,82347945,A,G,G,G,G
JAX00257270,1,82348910,G,A,A,A,A
JAX00257271,1,82349283,C,C,C,C,C
UNC1044549,1,82405872,T,C,C,C,C
JAX00257298,1,82444888,A,A,A,A,A
UNC1045279,1,82466761,G,A,A,A,A
UNC1045701,1,82490917,T,C,C,C,C
UNCHS001425,1,82529863,T,T,T,T,T
UNCHS001426,1,82532528,G,G,G,G,G
UNC1046643,1,82556151,C,C,C,C,C
JAX00257321,1,82571674,A,A,A,A,A
UNC1047748,1,82629781,A,G,G,G,G
UNC1048483,1,82668457,C,T,T,T,T
UNCHS001427,1,82686771,C,C,C,C,C
UNCHS001428,1,82689681,A,A,A,A,A
UNC1049124,1,82718010,T,C,C,C,C
UNC1049631,1,82760055,N,T,T,N,T
UNCJPD000239,1,82789377,C,C,C,C,C
JAX00005968,1,82809544,C,T,T,T,T
UNC1050655,1,82819861,A,G,G,G,G
UNCHS001429,1,82826622,G,A,A,A,A
UNCHS001430,1,82829879,G,G,G,G,G
UNCHS001431,1,82835276,A,A,A,A,A
UNCHS001432,1,82837546,C,C,C,C,C
UNCHS001433,1,82875072,G,G,G,G,G
UNC1051402,1,82876349,A,G,G,G,G
UNCHS001434,1,82878249,T,C,C,C,C
JAX00257385,1,82880356,G,G,G,G,G
UNC1051923,1,82914968,G,N,N,N,N
UNCHS001435,1,82916406,T,C,C,C,C
UNCHS001436,1,82923918,C,N,A,A,A
UNCHS001437,1,82924560,C,T,T,T,T
UNCHS001438,1,82929652,A,A,A,A,A
UNCJPD000240,1,82938100,N,N,N,N,N
UNCHS001439,1,82974390,T,C,C,C,C
UNC1052639,1,82976368,C,T,T,T,T
UNCHS001440,1,82976992,C,C,C,C,C
UNCJPD009165,1,82984140,C,C,C,C,C
UNCJPD007740,1,83025559,G,N,N,N,N
UNCHS001441,1,83046835,T,G,G,G,G
UNCHS001442,1,83050878,C,T,T,T,T
JAX00257428,1,83074336,G,G,G,G,G
UNC1055109,1,83146702,A,A,A,A,A
UNC1055637,1,83182562,G,A,A,A,A
JAX00257460,1,83183493,T,C,C,C,C
UNC1056352,1,83242849,T,C,C,C,C
UNCHS001443,1,83349418,A,A,A,A,A
UNC1057938,1,83350175,T,G,G,G,G
UNCHS001444,1,83352857,A,A,A,A,A
UNCHS001445,1,83388225,G,A,A,A,A
UNCHS001446,1,83391620,G,G,G,G,G
UNC1058334,1,83396013,C,A,A,A,A
UNCJPD000242,1,83441805,C,C,C,C,C
UNC1059067,1,83442398,T,G,G,G,G
UNC1059845,1,83498997,C,A,A,A,A
UNCHS001447,1,83534720,C,T,T,T,T
UNCHS001448,1,83536886,H,C,C,C,N
UNC1060689,1,83553597,G,A,A,A,A
JAX00257531,1,83597342,N,A,A,A,A
UNC1061236,1,83606835,G,A,A,A,A
UNCHS001449,1,83631511,T,N,N,N,N
UNCHS001450,1,83634937,T,C,C,C,C
JAX00257548,1,83640908,T,C,C,C,C
UNC1061708,1,83643220,A,C,C,C,C
JAX00257561,1,83671860,T,T,T,T,T
UNCHS001451,1,83686370,C,T,T,T,T
UNCHS001452,1,83691192,A,A,A,A,A
UNC1062657,1,83713211,C,T,T,T,T
UNCHS001453,1,83739538,G,T,T,T,T
UNC1063044,1,83740805,G,G,G,G,G
UNCHS001454,1,83742172,C,C,C,C,C
JAX00257574,1,83752363,C,C,C,C,C
UNC1064152,1,83817507,A,C,C,C,C
UNC1064743,1,83865697,N,T,T,T,T
UNCJPD008490,1,83904286,A,A,A,A,A
UNC1065296,1,83910194,C,T,T,T,T
UNC1065809,1,83971653,G,G,G,G,G
JAX00006057,1,84021102,A,G,G,G,G
UNC1066284,1,84024218,G,G,G,G,G
UNC1066650,1,84061619,T,C,C,C,C
JAX00006066,1,84142411,G,A,A,A,A
UNC1067986,1,84180779,T,T,T,T,T
JAX00006069,1,84181247,A,A,A,A,A
JAX00257626,1,84188179,T,T,T,T,T
UNCHS001455,1,84216833,T,T,T,T,T
UNCHS001456,1,84219132,G,G,G,G,G
UNC1068624,1,84231746,C,T,T,T,T
UNC1069136,1,84281214,G,A,A,A,A
UNCJPD000244,1,84326271,T,T,T,T,T
JAX00257644,1,84329059,C,C,C,C,C
UNC1069801,1,84338218,C,T,T,T,T
JAX00257649,1,84349356,C,T,T,T,T
UNC1070210,1,84389293,T,T,T,T,T
UNCHS001457,1,84406763,C,C,C,C,C
UNCHS001458,1,84412601,G,A,A,A,A
UNC1070616,1,84418099,A,C,C,C,C
JAX00257672,1,84445144,C,T,T,T,T
UNC1071271,1,84468139,G,T,T,T,T
UNCHS001459,1,84486136,C,T,T,T,T
UNCHS001460,1,84493486,A,A,A,A,A
UNC1072179,1,84562935,G,G,G,G,G
UNCHS001461,1,84580840,G,G,G,G,G
UNCHS001462,1,84586857,T,T,T,T,T
JAX00257698,1,84596115,A,A,A,A,A
UNC1072525,1,84599960,T,C,C,C,C
UNCHS001463,1,84635574,C,A,A,A,A
UNCHS001464,1,84637858,A,A,A,A,A
JAX00257710,1,84641224,G,A,A,A,A
UNC1073193,1,84644392,T,C,C,C,C
UNCHS001465,1,84664896,G,A,A,N,A
UNC1073702,1,84676397,N,G,G,G,G
UNC1074173,1,84750778,C,C,C,C,C
UNCHS001467,1,84768504,G,G,G,G,G
UNCHS001468,1,84773615,C,T,T,T,T
JAX00006115,1,84782561,T,T,T,T,T
UNC1074464,1,84803622,G,A,A,A,A
UNCHS001469,1,84804939,G,A,A,A,A
UNCHS001471,1,84806181,G,G,G,G,G
UNCHS001470,1,84809635,G,A,A,A,A
UNCHS001473,1,84812149,T,C,C,C,C
UNCHS001472,1,84812738,A,G,G,G,G
UNCHS001474,1,84816997,C,A,A,A,A
UNCHS001475,1,84831446,T,G,G,G,G
UNCHS001477,1,84832695,C,A,A,A,A
UNCHS001476,1,84834749,C,T,T,T,T
UNCHS001478,1,84836557,A,G,G,G,G
UNCHS001479,1,84837009,C,T,T,T,T
UNCHS001480,1,84845413,T,T,T,T,T
UNCHS001481,1,84851893,G,G,G,G,G
UNCHS001482,1,84855229,G,A,A,A,A
UNC1074823,1,84858927,A,G,G,G,G
JAX00257737,1,84870870,G,G,G,G,G
UNCHS001483,1,84884204,A,A,A,A,A
UNCHS001484,1,84888235,A,G,G,G,G
UNC1075203,1,84907965,T,C,C,C,C
JAX00006124,1,84908968,C,C,C,C,C
JAX00006127,1,84941793,C,C,C,C,C
UNC1075533,1,84952405,A,A,A,A,A
UNCJPD000245,1,84981782,C,N,N,N,N
UNCJPD000247,1,85188362,C,N,N,N,N
UNCJPD000248,1,85205881,C,C,C,C,C
UNCJPD000251,1,85582358,G,G,G,G,G
UNCHS001486,1,85600129,C,C,C,C,C
UNCHS001488,1,85629214,N,N,N,N,N
UNC1075761,1,85663416,A,G,G,G,G
JAX00257769,1,85663637,C,A,A,A,A
JAX00257773,1,85664355,A,A,A,A,A
JAX00006164,1,85707178,T,C,C,C,C
UNCHS001489,1,85716935,A,A,A,A,A
UNCHS001490,1,85719215,G,N,N,N,N
JAX00257793,1,85746747,G,G,G,G,G
UNC1077063,1,85761077,T,G,G,G,G
UNCHS001491,1,85773388,T,G,G,G,G
UNCHS001493,1,85774749,C,C,C,C,C
UNCHS001492,1,85775860,C,C,C,C,C
UNCHS001494,1,85777014,A,N,N,N,N
JAX00257829,1,85944096,A,A,A,A,A
JAX00192345,1,85944525,C,C,C,C,C
JAX00006189,1,86039559,G,G,G,G,G
UNCHS001495,1,86053403,A,A,A,A,A
UNCHS001496,1,86055913,G,G,G,G,G
UNCHS001497,1,86085763,G,G,G,G,G
UNCHS001498,1,86089142,T,T,T,T,T
UNC1080590,1,86103127,G,G,G,G,G
JAX00257899,1,86144140,A,A,A,A,A
UNCHS001499,1,86204585,A,A,A,A,A
UNCHS001500,1,86210759,G,G,G,G,G
UNCHS001501,1,86216552,A,A,A,A,A
UNCHS001502,1,86219838,T,T,T,T,T
JAX00006207,1,86276049,G,G,G,G,G
UNCHS001503,1,86308802,T,T,T,T,T
JAX00257953,1,86346915,A,A,A,A,A
UNCJPD000253,1,86349192,C,C,C,C,C
UNCHS001506,1,86351634,G,G,G,G,G
UNCHS001508,1,86355598,C,C,C,C,C
JAX00257957,1,86356518,T,T,T,T,T
JAX00257958,1,86356957,G,G,G,G,G
UNC1083007,1,86404192,T,T,T,T,T
UNCHS001510,1,86465184,G,G,G,G,G
UNC010163719,1,86487946,A,A,A,A,A
UNCHS001511,1,86553118,H,N,T,T,T
JAX00258011,1,86623314,C,C,C,C,C
UNC1085550,1,86626748,C,C,C,C,C
JAX00006232,1,86629979,G,G,G,G,G
JAX00258016,1,86649519,G,G,G,G,G
JAX00258020,1,86712806,C,C,C,C,C
UNCJPD000254,1,86734293,N,N,N,N,N
UNC1086363,1,86756139,G,G,G,G,G
UNCHS001513,1,86762569,A,A,A,A,A
UNCHS001514,1,86766694,A,A,A,A,A
UNCHS001515,1,86786579,T,T,T,T,T
UNCHS001516,1,86794353,C,C,C,C,C
UNCHS001517,1,86803928,T,T,T,T,T
UNCHS001518,1,86807204,A,A,A,A,A
UNCHS001519,1,86902691,T,T,T,T,T
JAX00258034,1,86905958,C,C,C,C,C
UNC1086891,1,86906169,T,T,T,T,T
UNCHS001520,1,86908382,A,A,A,A,A
UNCJPD000255,1,86909240,T,T,T,T,T
UNCHS001521,1,86944299,C,C,C,C,C
UNCHS001522,1,86951730,A,A,A,A,A
UNCJPD007846,1,86952111,T,T,T,T,T
UNCHS001523,1,86979151,A,A,A,A,A
JAX00006259,1,86988628,C,C,C,C,C
UNCHS001525,1,87021074,C,C,C,C,C
UNCHS001526,1,87023679,A,A,A,A,A
JAX00006262,1,87027674,C,C,C,C,C
UNCHS001527,1,87095018,A,A,A,A,A
UNCHS001528,1,87097836,T,T,T,T,T
UNCHS001529,1,87110722,N,T,T,T,T
UNCHS001530,1,87113463,G,G,G,G,G
UNC1088683,1,87178656,C,C,C,C,C
UNCJPD008063,1,87203606,T,T,T,T,T
UNCHS001531,1,87216258,T,T,T,T,T
UNCHS001532,1,87220832,C,C,C,C,C
UNCHS001533,1,87226574,C,C,C,C,C
UNCHS001534,1,87229264,A,A,A,A,A
UNCHS001535,1,87238223,T,T,T,T,T
JAX00258086,1,87240351,G,G,G,G,G
UNCHS001536,1,87240752,G,G,G,G,G
UNC1089589,1,87269921,T,T,T,T,T
UNCHS001537,1,87285189,A,A,A,A,A
UNCHS001538,1,87287919,T,T,T,T,T
UNCHS001540,1,87341598,A,A,A,A,A
UNCHS001541,1,87348845,G,G,G,G,G
UNCHS001542,1,87354744,T,T,T,T,T
JAX00258099,1,87356265,C,C,C,C,C
UNC1090485,1,87376076,T,T,T,T,T
JAX00258101,1,87397392,T,T,T,T,T
UNC1090659,1,87411251,T,T,T,T,T
UNCHS001543,1,87437107,T,T,T,T,T
UNCHS001544,1,87439793,C,C,C,C,C
UNCHS001546,1,87444778,G,G,G,G,G
UNC1090969,1,87450511,G,H,H,H,H
UNCJPD000256,1,87450542,C,C,C,C,C
UNCJPD000257,1,87450715,N,N,N,N,N
UNCHS001547,1,87468824,T,T,T,T,T
UNCHS001548,1,87472763,T,T,T,T,T
UNCHS001549,1,87496818,C,C,C,C,C
UNCHS001550,1,87499684,G,G,G,G,G
UNC1091740,1,87545169,G,G,G,G,G
UNCHS001552,1,87550534,A,G,G,G,G
UNC1092120,1,87579607,C,A,A,A,A
JAX00258130,1,87586247,C,C,C,C,C
UNCHS001555,1,87651954,T,C,C,C,C
UNCHS001554,1,87653268,G,G,G,G,G
UNCHS001556,1,87654626,G,G,G,G,G
UNC1093083,1,87675486,T,T,T,T,T
UNC1093407,1,87717165,H,A,A,A,A
JAX00258159,1,87747802,T,T,T,T,T
UNCHS001557,1,87768220,T,T,T,T,T
UNC1093771,1,87770255,G,A,A,A,A
UNCHS001558,1,87774326,C,T,T,T,T
UNCHS001559,1,87781545,A,C,C,C,C
UNCHS001560,1,87788659,N,N,N,N,N
JAX00006320,1,87790830,A,G,G,G,G
UNCHS001561,1,87796073,T,T,T,T,T
UNCHS001562,1,87800787,A,C,C,C,C
UNC1094139,1,87804154,G,A,A,A,A
JAX00192388,1,87807354,T,T,T,T,T
UNCHS001563,1,87812634,G,G,G,G,G
UNCHS001564,1,87815512,A,N,N,N,N
UNCHS001565,1,87875482,N,T,T,T,T
UNCHS001566,1,87879142,T,C,C,C,C
UNC1094907,1,87886607,N,N,N,N,N
JAX00006329,1,87902535,T,C,C,C,C
UNC1095110,1,87918372,G,A,A,A,A
JAX00258190,1,87934710,G,A,A,A,A
JAX00258193,1,87954311,C,C,C,C,C
JAX00258194,1,87958451,A,A,A,A,A
UNC1095392,1,87962406,G,A,A,A,A
UNC1095781,1,88018308,T,C,C,C,C
UNCJPD000258,1,88067138,A,N,N,N,N
UNC1095998,1,88068540,A,G,G,G,G
UNCHS001567,1,88083064,A,A,A,A,A
JAX00258209,1,88083812,T,T,T,T,T
UNCHS001568,1,88085545,G,T,T,T,T
UNCHS001569,1,88094581,C,T,T,N,T
UNCHS001570,1,88098912,C,T,T,T,T
UNC1096728,1,88141712,G,A,A,A,A
UNC1096912,1,88164636,A,G,G,G,G
UNCHS001571,1,88191158,N,A,A,A,A
UNCHS001572,1,88194005,A,A,A,A,A
UNC1097226,1,88226633,C,C,C,C,C
UNCJPD000259,1,88280046,N,N,N,N,N
UNCJPD000260,1,88284500,A,A,A,A,A
sisterstrain1,1,88307464,A,A,A,A,A
UNC1097279,1,88313814,T,T,T,T,T
UNC1098588,1,88398051,T,T,T,T,T
UNC1099115,1,88441563,A,A,A,A,A
UNCHS001573,1,88462821,T,T,T,T,T
UNCHS001574,1,88464959,T,T,T,T,T
UNCHS001575,1,88496676,T,T,T,T,T
